{
  "baseline": {
    "total": [
      6.899501085281372,
      6.968020915985107,
      6.659684896469116
    ],
    "kv_build": [
      0.49049806594848633,
      0.40844082832336426,
      0.42510485649108887
    ],
    "denoise_steps": [
      1.4962279796600342,
      1.5519959926605225,
      1.4295432567596436
    ]
  },
  "optimized": {
    "total": [
      6.485548973083496,
      6.632224082946777,
      6.57217812538147
    ],
    "kv_build": [
      0.36849093437194824,
      0.3581969738006592,
      0.35847997665405273
    ],
    "denoise_steps": [
      1.289341926574707,
      1.4305830001831055,
      1.39857816696167
    ]
  }
}